_id,name
"6a0d8905d38ea5fe36d785d1","Rolex Submariner Date"
"6a0d8905d38ea5fe36d785d2","Rolex Submariner Date"
"6a0d8905d38ea5fe36d785d3","Rolex Submariner No-Date"
"6a0d8905d38ea5fe36d785d4","Rolex Daytona"
"6a0d8905d38ea5fe36d785d5","Rolex Daytona"
"6a0d8905d38ea5fe36d785d6","Rolex GMT-Master II"
"6a0d8905d38ea5fe36d785d7","Rolex GMT-Master II"
"6a0d8905d38ea5fe36d785d8","Rolex GMT-Master II"
"6a0d8905d38ea5fe36d785d9","Rolex Datejust 36"
"6a0d8905d38ea5fe36d785da","Rolex Datejust 36"
"6a0d8905d38ea5fe36d785db","Rolex Datejust 36"
"6a0d8905d38ea5fe36d785dc","Rolex Datejust 36"
"6a0d8905d38ea5fe36d785dd","Rolex Datejust 36"
"6a0d8905d38ea5fe36d785de","Rolex Datejust 36"
"6a0d8905d38ea5fe36d785df","Rolex Oyster Perpetual"
"6a0d8905d38ea5fe36d785e0","Rolex Oyster Perpetual"
"6a0d8905d38ea5fe36d785e1","Rolex Oyster Perpetual"
"6a0d8905d38ea5fe36d785e2","Rolex Oyster Perpetual"
"6a0d8905d38ea5fe36d785e3","Rolex Oyster Perpetual"
"6a0d8905d38ea5fe36d785e4","Rolex Oyster Perpetual"
"6a0d8905d38ea5fe36d785e5","Rolex Oyster Perpetual"
"6a0d8905d38ea5fe36d785e6","Rolex Oyster Perpetual"
"6a0d8905d38ea5fe36d785e7","Rolex Oyster Perpetual"
"6a0d8905d38ea5fe36d785e8","Rolex Oyster Perpetual"
"6a0d8905d38ea5fe36d785e9","Rolex Oyster Perpetual"
"6a0d8905d38ea5fe36d785ea","Rolex Oyster Perpetual"
"6a0d8905d38ea5fe36d785eb","Omega Speedmaster Moonwatch Professional"
"6a0d8905d38ea5fe36d785ec","Omega Speedmaster Moonwatch Professional"
"6a0d8905d38ea5fe36d785ed","Omega Seamaster Diver 300M"
"6a0d8905d38ea5fe36d785ee","Omega Seamaster Diver 300M"
"6a0d8905d38ea5fe36d785ef","Omega Seamaster Diver 300M"
"6a0d8905d38ea5fe36d785f0","Omega Seamaster Diver 300M"
"6a0d8905d38ea5fe36d785f1","Omega Seamaster Diver 300M"
"6a0d8905d38ea5fe36d785f2","Omega Seamaster Diver 300M"
"6a0d8905d38ea5fe36d785f3","Omega Seamaster Diver 300M"
"6a0d8905d38ea5fe36d785f4","Omega Seamaster Diver 300M"
"6a0d8905d38ea5fe36d785f5","Omega Seamaster Diver 300M"
"6a0d8905d38ea5fe36d785f6","Omega Seamaster Diver 300M"
"6a0d8905d38ea5fe36d785f7","Omega Aqua Terra 150M"
"6a0d8905d38ea5fe36d785f8","Omega Aqua Terra 150M"
"6a0d8905d38ea5fe36d785f9","Omega Aqua Terra 150M"
"6a0d8905d38ea5fe36d785fa","Omega Aqua Terra 150M"
"6a0d8905d38ea5fe36d785fb","Omega Aqua Terra 150M"
"6a0d8905d38ea5fe36d785fc","Omega Aqua Terra 150M"
"6a0d8905d38ea5fe36d785fd","Omega Aqua Terra 150M"
"6a0d8905d38ea5fe36d785fe","Omega Aqua Terra 150M"
"6a0d8905d38ea5fe36d785ff","Omega Planet Ocean 600M"
"6a0d8905d38ea5fe36d78600","Omega Planet Ocean 600M"
"6a0d8905d38ea5fe36d78601","Casio G-Shock Original"
"6a0d8905d38ea5fe36d78602","Casio G-Shock Original"